{
  "project_info": {
    "project_number": "487923140657",
    "project_id": "harmony-hub-320d2",
    "storage_bucket": "harmony-hub-320d2.appspot.com"
  },
  "client": [
    {
      "client_info": {
        "mobilesdk_app_id": "1:487923140657:android:88086dade427dc4b72ed10",
        "android_client_info": {
          "package_name": "com.example.harmonyhub"
        }
      },
      "oauth_client": [],
      "api_key": [
        {
          "current_key": "AIzaSyBLEqqaywH0ZEgm7KbaX5gWKI7nvMsczmk"
        }
      ],
      "services": {
        "appinvite_service": {
          "other_platform_oauth_client": []
        }
      }
    }
  ],
  "configuration_version": "1"
}